[
{
    "model": "sessions.session",
    "pk": "j1tmjlnfm9i5xh6qs61ve9juu9eoawiv",
    "fields": {
        "session_data": "MjFlMzkyYjY4OTZlNTY0MWI5OThlZmY5YzlmNmE2ZTA0Njc4MDIzOTp7fQ==",
        "expire_date": "2017-04-04T13:37:22.286Z"
    }
},
{
    "model": "sessions.session",
    "pk": "j93tl08aoyzftm4tut72p5yhdup8v7vp",
    "fields": {
        "session_data": "MjFlMzkyYjY4OTZlNTY0MWI5OThlZmY5YzlmNmE2ZTA0Njc4MDIzOTp7fQ==",
        "expire_date": "2017-04-04T13:34:37.210Z"
    }
},
{
    "model": "sessions.session",
    "pk": "p2njtrbdfydtltrn579gf25lcg00xm8q",
    "fields": {
        "session_data": "MjFlMzkyYjY4OTZlNTY0MWI5OThlZmY5YzlmNmE2ZTA0Njc4MDIzOTp7fQ==",
        "expire_date": "2017-04-05T13:17:02.815Z"
    }
},
{
    "model": "sessions.session",
    "pk": "qsukrn85o11cls176dlj3ygn1eklbfhd",
    "fields": {
        "session_data": "MjFlMzkyYjY4OTZlNTY0MWI5OThlZmY5YzlmNmE2ZTA0Njc4MDIzOTp7fQ==",
        "expire_date": "2017-04-06T14:08:08.898Z"
    }
},
{
    "model": "sessions.session",
    "pk": "x6tmq99vzbbq91s7ka9gw02uaw46kb91",
    "fields": {
        "session_data": "MjFlMzkyYjY4OTZlNTY0MWI5OThlZmY5YzlmNmE2ZTA0Njc4MDIzOTp7fQ==",
        "expire_date": "2017-04-06T14:23:40.824Z"
    }
},
{
    "model": "members.user",
    "fields": {
        "password": "pbkdf2_sha256$30000$ZrrplfW5mhx4$jV0qq+oU5J18E/7a3jeuwJbvDHvQeNXAm48MlgfK1/A=",
        "last_login": "2017-04-03T16:38:44.118Z",
        "is_superuser": false,
        "username": "p.neeves@gmail.com",
        "first_name": "Philly",
        "last_name": "",
        "email": "p.neeves@gmail.com",
        "is_staff": false,
        "is_active": true,
        "date_joined": "2017-03-21T12:03:57.037Z",
        "stripe_id": "",
        "subscription_end": "2017-03-21T13:36:15.969Z",
        "image": "",
        "groups": [],
        "user_permissions": []
    }
},
{
    "model": "members.user",
    "fields": {
        "password": "pbkdf2_sha256$30000$HIkhJk6QivYl$dq7kWzHZ4w2tK7WeqOhanZXicvv2Mb6VWLgPgFOcwBk=",
        "last_login": null,
        "is_superuser": false,
        "username": "sineadwilde1986@gmail.com",
        "first_name": "Sinead",
        "last_name": "",
        "email": "sineadwilde1986@gmail.com",
        "is_staff": false,
        "is_active": true,
        "date_joined": "2017-03-21T12:10:51.817Z",
        "stripe_id": "",
        "subscription_end": "2017-03-21T13:36:15.969Z",
        "image": "",
        "groups": [],
        "user_permissions": []
    }
},
{
    "model": "members.user",
    "fields": {
        "password": "pbkdf2_sha256$30000$MrCZieDfbrkl$/KyOqDQnyMI0dYh6opLgnX4AD6kErfaoO6WXgcakfhY=",
        "last_login": "2017-03-23T13:38:11.650Z",
        "is_superuser": false,
        "username": "goodgirl@gmail.com",
        "first_name": "",
        "last_name": "",
        "email": "goodgirl@gmail.com",
        "is_staff": false,
        "is_active": true,
        "date_joined": "2017-03-21T13:01:34.807Z",
        "stripe_id": "tok_19zmcEHMOzj7WMQwaHUtFio8",
        "subscription_end": "2017-03-21T13:36:15.969Z",
        "image": "",
        "groups": [],
        "user_permissions": []
    }
},
{
    "model": "members.user",
    "fields": {
        "password": "pbkdf2_sha256$30000$kHKu8ujLMc0Q$a1nywKkXMdsj46KYbBmn4w7qIqhBG+oy0XWv3wy0jfA=",
        "last_login": "2017-03-27T11:25:28.209Z",
        "is_superuser": false,
        "username": "billy@gmail.com",
        "first_name": "Billy",
        "last_name": "",
        "email": "billy@gmail.com",
        "is_staff": false,
        "is_active": true,
        "date_joined": "2017-03-21T13:32:20.630Z",
        "stripe_id": "tok_19zn62HMOzj7WMQw7klCxUd7",
        "subscription_end": "2017-03-21T13:36:15.969Z",
        "image": "",
        "groups": [],
        "user_permissions": []
    }
},
{
    "model": "members.user",
    "fields": {
        "password": "pbkdf2_sha256$30000$HAz65caGa11x$bFEMs0FsZtrP4aK/nAJasa3eIK5Upu+CCZa/w05IC4Q=",
        "last_login": null,
        "is_superuser": false,
        "username": "sally@gmail.com",
        "first_name": "",
        "last_name": "",
        "email": "sally@gmail.com",
        "is_staff": false,
        "is_active": true,
        "date_joined": "2017-03-21T13:34:35.530Z",
        "stripe_id": "cus_AKS2qLy6VwEnYT",
        "subscription_end": "2017-03-21T13:36:15.969Z",
        "image": "",
        "groups": [],
        "user_permissions": []
    }
},
{
    "model": "members.user",
    "fields": {
        "password": "pbkdf2_sha256$30000$PM92g7SzH52n$v/S0fVhm56Uw1XSzT6D/nZlPvUdzDb4INNEk08YDLtQ=",
        "last_login": null,
        "is_superuser": false,
        "username": "gary@gmail.com",
        "first_name": "",
        "last_name": "",
        "email": "gary@gmail.com",
        "is_staff": false,
        "is_active": true,
        "date_joined": "2017-03-21T13:37:19.462Z",
        "stripe_id": "cus_AKS5sjznxoVk4E",
        "subscription_end": "2017-04-18T12:37:22.150Z",
        "image": "",
        "groups": [],
        "user_permissions": []
    }
},
{
    "model": "members.user",
    "fields": {
        "password": "pbkdf2_sha256$30000$bZyldsYpMYbu$MHDeRdSazzrDI86a/vNyXOOKc0AXRv+0ouhTGYFOsYc=",
        "last_login": "2017-03-21T13:43:03.951Z",
        "is_superuser": false,
        "username": "barry@gmail.com",
        "first_name": "",
        "last_name": "",
        "email": "barry@gmail.com",
        "is_staff": false,
        "is_active": true,
        "date_joined": "2017-03-21T13:43:01.995Z",
        "stripe_id": "cus_AKSAEG1UFMAJ8w",
        "subscription_end": "2017-04-18T12:43:03.696Z",
        "image": "",
        "groups": [],
        "user_permissions": []
    }
},
{
    "model": "members.user",
    "fields": {
        "password": "pbkdf2_sha256$30000$ckfFf4iNWXq9$IG54txOK07quaVpOCADkaV1AfKYb/wGkJ0NQdhzX1EY=",
        "last_login": "2017-03-22T10:26:37.379Z",
        "is_superuser": false,
        "username": "billyboy@gmail.com",
        "first_name": "",
        "last_name": "",
        "email": "billyboy@gmail.com",
        "is_staff": false,
        "is_active": true,
        "date_joined": "2017-03-22T09:45:05.146Z",
        "stripe_id": "cus_AKlY6kASPJoEod",
        "subscription_end": "2017-04-19T08:45:08.393Z",
        "image": "",
        "groups": [],
        "user_permissions": []
    }
},
{
    "model": "members.user",
    "fields": {
        "password": "pbkdf2_sha256$30000$Si45KlbmUOA7$YZHs/iE5asvOaKODB4PgLvO3Dr8k5btg5oyoe43sWPo=",
        "last_login": null,
        "is_superuser": true,
        "username": "philipneeves@outlook.com",
        "first_name": "",
        "last_name": "",
        "email": "philipneeves@outlook.com",
        "is_staff": true,
        "is_active": true,
        "date_joined": "2017-03-22T11:02:18.502Z",
        "stripe_id": "",
        "subscription_end": "2017-03-22T11:02:18.502Z",
        "image": "",
        "groups": [],
        "user_permissions": []
    }
},
{
    "model": "members.user",
    "fields": {
        "password": "pbkdf2_sha256$30000$6cpTkTeXXjQY$Mzv2XyDcVwLATBPqWzk/1vmzNKdgTo3saNBrOKEsenY=",
        "last_login": "2017-04-04T09:19:17.474Z",
        "is_superuser": true,
        "username": "philipo@gmail.com",
        "first_name": "Philipo",
        "last_name": "",
        "email": "philipo@gmail.com",
        "is_staff": true,
        "is_active": true,
        "date_joined": "2017-03-22T11:09:37.993Z",
        "stripe_id": "",
        "subscription_end": "2017-03-22T11:09:37.993Z",
        "image": "",
        "groups": [],
        "user_permissions": []
    }
},
{
    "model": "members.user",
    "fields": {
        "password": "pbkdf2_sha256$30000$ZbYSuQ14VZGk$ybqxaFOl4hlVLWYjSLK7UV+dZJVtYlpp3sGEVys0xkE=",
        "last_login": null,
        "is_superuser": false,
        "username": "canny@gmail.com",
        "first_name": "",
        "last_name": "",
        "email": "canny@gmail.com",
        "is_staff": false,
        "is_active": true,
        "date_joined": "2017-03-22T13:16:59.197Z",
        "stripe_id": "cus_AKoyS2fML2AGhu",
        "subscription_end": "2017-04-19T12:17:02.649Z",
        "image": "",
        "groups": [],
        "user_permissions": []
    }
},
{
    "model": "members.user",
    "fields": {
        "password": "pbkdf2_sha256$30000$sU2fmJPCAq8s$ZV7yDQnhfz2cTNwLYX7/6b7cvcXvAjM/sdV4pzgSedA=",
        "last_login": "2017-03-22T13:19:38.812Z",
        "is_superuser": false,
        "username": "jenny@gmail.com",
        "first_name": "",
        "last_name": "",
        "email": "jenny@gmail.com",
        "is_staff": false,
        "is_active": true,
        "date_joined": "2017-03-22T13:19:35.689Z",
        "stripe_id": "cus_AKp1WEAnd5yAoD",
        "subscription_end": "2017-04-19T12:19:38.530Z",
        "image": "",
        "groups": [],
        "user_permissions": []
    }
},
{
    "model": "members.user",
    "fields": {
        "password": "pbkdf2_sha256$30000$QmNB7zqoK6NL$Iy//UtPMyRL2dkOZpkGCXh9rAzNYTZpTEfJSbnV6U0o=",
        "last_login": "2017-03-24T15:31:54.493Z",
        "is_superuser": false,
        "username": "enda@gmail.com",
        "first_name": "Enda",
        "last_name": "",
        "email": "enda@gmail.com",
        "is_staff": false,
        "is_active": true,
        "date_joined": "2017-03-22T17:05:49.364Z",
        "stripe_id": "cus_AKsfusg3FZ046A",
        "subscription_end": "2017-04-19T16:05:51.012Z",
        "image": "",
        "groups": [],
        "user_permissions": []
    }
},
{
    "model": "members.user",
    "fields": {
        "password": "pbkdf2_sha256$30000$JbxyONYXiWze$s+WnphodWR8VAGmtPCIt1mrS94BHrCHGvO0g0X6btOA=",
        "last_login": null,
        "is_superuser": true,
        "username": "joe@example.com",
        "first_name": "",
        "last_name": "",
        "email": "joe@example.com",
        "is_staff": true,
        "is_active": true,
        "date_joined": "2017-03-23T10:12:52.865Z",
        "stripe_id": "",
        "subscription_end": "2017-03-23T10:12:52.865Z",
        "image": "",
        "groups": [],
        "user_permissions": []
    }
},
{
    "model": "members.user",
    "fields": {
        "password": "pbkdf2_sha256$30000$19iO8NFjRMVl$5wb/ZCkI9Jh4UoBaOys0gBchq2SPZirtaX3aAdRF+PE=",
        "last_login": "2017-03-23T14:34:21.469Z",
        "is_superuser": false,
        "username": "yoni@gmail.com",
        "first_name": "Yoni",
        "last_name": "",
        "email": "yoni@gmail.com",
        "is_staff": false,
        "is_active": true,
        "date_joined": "2017-03-23T14:08:01.660Z",
        "stripe_id": "cus_ALD1mkY5Lxbfnj",
        "subscription_end": "2017-04-20T13:08:08.574Z",
        "image": "",
        "groups": [],
        "user_permissions": []
    }
},
{
    "model": "members.user",
    "fields": {
        "password": "pbkdf2_sha256$30000$Dxm1MvYv5sGw$plHBl4lnccBwKaUQJYH5+LYYnqZJ2WC9L7yGr/CN0q0=",
        "last_login": null,
        "is_superuser": false,
        "username": "sammy@gmail.com",
        "first_name": "Sammy",
        "last_name": "",
        "email": "sammy@gmail.com",
        "is_staff": false,
        "is_active": true,
        "date_joined": "2017-03-23T14:23:35.526Z",
        "stripe_id": "cus_ALDHS7g8tJMPlp",
        "subscription_end": "2017-04-20T13:23:40.315Z",
        "image": "",
        "groups": [],
        "user_permissions": []
    }
},
{
    "model": "members.user",
    "fields": {
        "password": "pbkdf2_sha256$30000$993dnHi8VAx8$1Cz4uBm2sEztPvvQKKpNsAjTYSWGLzK0+toxSnwHbyQ=",
        "last_login": "2017-03-23T14:26:50.192Z",
        "is_superuser": false,
        "username": "bendy@gmail.com",
        "first_name": "Bendy",
        "last_name": "",
        "email": "bendy@gmail.com",
        "is_staff": false,
        "is_active": true,
        "date_joined": "2017-03-23T14:26:43.852Z",
        "stripe_id": "cus_ALDKLdxap969Z0",
        "subscription_end": "2017-04-20T13:26:49.185Z",
        "image": "",
        "groups": [],
        "user_permissions": []
    }
},
{
    "model": "members.user",
    "fields": {
        "password": "pbkdf2_sha256$30000$swheMG6zIPsr$hkGAx15Swjt7F28nJhj1kLyXjqN5LhIrl4ZwbaGtSmY=",
        "last_login": "2017-03-25T09:15:12.137Z",
        "is_superuser": false,
        "username": "bruce@gmail.com",
        "first_name": "Bruce",
        "last_name": "Neeves",
        "email": "bruce@gmail.com",
        "is_staff": true,
        "is_active": true,
        "date_joined": "2017-03-24T17:28:23Z",
        "stripe_id": "cus_ALdUMkknqDrYqy",
        "subscription_end": "2017-04-21T16:28:27Z",
        "image": "",
        "groups": [],
        "user_permissions": []
    }
},
{
    "model": "members.user",
    "fields": {
        "password": "pbkdf2_sha256$30000$t3vLIU3wJAVS$KH/ojVUj4hW6D2j6ubOgbm97Q5tGasuqN1yiQRKn+As=",
        "last_login": "2017-03-27T13:23:21.387Z",
        "is_superuser": false,
        "username": "liam@gmail.com",
        "first_name": "Liam",
        "last_name": "",
        "email": "liam@gmail.com",
        "is_staff": false,
        "is_active": true,
        "date_joined": "2017-03-27T13:23:17.248Z",
        "stripe_id": "cus_AMhDaKtjkHdKjI",
        "subscription_end": "2017-04-24T13:23:20.980Z",
        "image": "",
        "groups": [],
        "user_permissions": []
    }
},
{
    "model": "members.user",
    "fields": {
        "password": "pbkdf2_sha256$30000$Koo5eNt2I0Df$FMGrEgB2BBIgA+q8gHpTNMwwtTnW14i+XNwdwsz1z+A=",
        "last_login": "2017-03-27T13:28:26.410Z",
        "is_superuser": false,
        "username": "ashley@gmail.com",
        "first_name": "Ashley",
        "last_name": "",
        "email": "ashley@gmail.com",
        "is_staff": false,
        "is_active": true,
        "date_joined": "2017-03-27T13:28:23.529Z",
        "stripe_id": "cus_AMhI0hFvPBwU8k",
        "subscription_end": "2017-04-24T13:28:26.209Z",
        "image": "",
        "groups": [],
        "user_permissions": []
    }
},
{
    "model": "members.user",
    "fields": {
        "password": "pbkdf2_sha256$30000$BhdpkbAdEWXS$ORaRWHGGvMfewkFxskmDCFvYjYMoTl7ItsP5xlQq8jE=",
        "last_login": "2017-03-27T13:38:57.589Z",
        "is_superuser": false,
        "username": "brenda@yahoo.co.uk",
        "first_name": "Brenda",
        "last_name": "",
        "email": "brenda@yahoo.co.uk",
        "is_staff": false,
        "is_active": true,
        "date_joined": "2017-03-27T13:38:54.196Z",
        "stripe_id": "cus_AMhStZTmShlW7A",
        "subscription_end": "2017-04-24T13:38:57.147Z",
        "image": "",
        "groups": [],
        "user_permissions": []
    }
},
{
    "model": "members.user",
    "fields": {
        "password": "pbkdf2_sha256$30000$p1XfFiDccj8e$qLvZIBTWuxXoekUPMazW/aSWi3M6TihFbH8i3Tmfegg=",
        "last_login": "2017-03-27T13:51:21.288Z",
        "is_superuser": false,
        "username": "sanch@hotmail.com",
        "first_name": "Sanchia",
        "last_name": "",
        "email": "sanch@hotmail.com",
        "is_staff": false,
        "is_active": true,
        "date_joined": "2017-03-27T13:51:18.327Z",
        "stripe_id": "cus_AMhfC0GVUvTX0j",
        "subscription_end": "2017-04-24T13:51:21.059Z",
        "image": "",
        "groups": [],
        "user_permissions": []
    }
},
{
    "model": "members.user",
    "fields": {
        "password": "pbkdf2_sha256$30000$SbhJimXJEZ6u$O8Zbb0oyIMlpOXraSa7cZOYsVqem2PVCxz11wnzztB8=",
        "last_login": "2017-03-27T13:55:15.860Z",
        "is_superuser": false,
        "username": "verity@gmail.com",
        "first_name": "Verity",
        "last_name": "",
        "email": "verity@gmail.com",
        "is_staff": false,
        "is_active": true,
        "date_joined": "2017-03-27T13:55:12.921Z",
        "stripe_id": "cus_AMhiO0CweDNLUf",
        "subscription_end": "2017-04-24T13:55:15.615Z",
        "image": "",
        "groups": [],
        "user_permissions": []
    }
},
{
    "model": "members.user",
    "fields": {
        "password": "pbkdf2_sha256$30000$doBIfbtGIH6Y$RocK6a/bxe43R3F1gIAwE6u7jsYYyFlNQNUCs8EXrk0=",
        "last_login": "2017-03-27T14:07:44.174Z",
        "is_superuser": false,
        "username": "occi@gmail.com",
        "first_name": "Octavia",
        "last_name": "",
        "email": "occi@gmail.com",
        "is_staff": false,
        "is_active": true,
        "date_joined": "2017-03-27T14:07:41.114Z",
        "stripe_id": "cus_AMhvGHCLwz2lrV",
        "subscription_end": "2017-04-24T14:07:43.899Z",
        "image": "",
        "groups": [],
        "user_permissions": []
    }
},
{
    "model": "members.user",
    "fields": {
        "password": "pbkdf2_sha256$30000$2qiHsYDQM9nn$0LR3I44sZmBflcvpGGVrfS9rvgXkZs8fsuYspQ3nRYg=",
        "last_login": "2017-03-27T14:15:28.092Z",
        "is_superuser": false,
        "username": "emmy@gmail.com",
        "first_name": "Emilia",
        "last_name": "",
        "email": "emmy@gmail.com",
        "is_staff": false,
        "is_active": true,
        "date_joined": "2017-03-27T14:15:25.161Z",
        "stripe_id": "cus_AMi3wEQPSArwgC",
        "subscription_end": "2017-04-24T14:15:27.865Z",
        "image": "",
        "groups": [],
        "user_permissions": []
    }
},
{
    "model": "members.user",
    "fields": {
        "password": "pbkdf2_sha256$30000$n40XXJOFEk9m$vO1GvpnsgCF0+gvqnps1EBHPjokTrXwOrV1J8HhfuRk=",
        "last_login": "2017-03-27T14:20:20.456Z",
        "is_superuser": false,
        "username": "froggy@gmail.com",
        "first_name": "froggy",
        "last_name": "",
        "email": "froggy@gmail.com",
        "is_staff": false,
        "is_active": true,
        "date_joined": "2017-03-27T14:20:17.406Z",
        "stripe_id": "cus_AMi8mPbW7Vnrzv",
        "subscription_end": "2017-04-24T14:20:20.220Z",
        "image": "",
        "groups": [],
        "user_permissions": []
    }
},
{
    "model": "members.user",
    "fields": {
        "password": "pbkdf2_sha256$30000$nqe5BgamzpEV$CIANtt+7F4IZn4VBEKTqBFKKL+VhcfKY0plDM+rOwa8=",
        "last_login": "2017-03-27T14:43:19.932Z",
        "is_superuser": false,
        "username": "jabby@gmail.com",
        "first_name": "Jabby",
        "last_name": "",
        "email": "jabby@gmail.com",
        "is_staff": false,
        "is_active": true,
        "date_joined": "2017-03-27T14:43:16.975Z",
        "stripe_id": "cus_AMiVZ77QHHr009",
        "subscription_end": "2017-04-24T14:43:19.663Z",
        "image": "",
        "groups": [],
        "user_permissions": []
    }
},
{
    "model": "members.user",
    "fields": {
        "password": "pbkdf2_sha256$30000$3tVaFbgAVp1k$z/UHBhvhHIpKyBIMDx60fA8y8pJudrWDaIC20neqNLE=",
        "last_login": "2017-03-27T14:46:05.707Z",
        "is_superuser": false,
        "username": "flappy@gmail.com",
        "first_name": "Flappy",
        "last_name": "",
        "email": "flappy@gmail.com",
        "is_staff": false,
        "is_active": true,
        "date_joined": "2017-03-27T14:46:02.558Z",
        "stripe_id": "cus_AMiXDst5AWpaFI",
        "subscription_end": "2017-04-24T14:46:05.335Z",
        "image": "",
        "groups": [],
        "user_permissions": []
    }
},
{
    "model": "members.user",
    "fields": {
        "password": "pbkdf2_sha256$30000$jjXXwlOGkQOf$jVHHAvmiGYQNXXdh+0ZYP8JT0ZEfony4/l/ibFDB/nM=",
        "last_login": "2017-03-27T14:49:26.316Z",
        "is_superuser": false,
        "username": "stingy@gmail.com",
        "first_name": "Stingy",
        "last_name": "",
        "email": "stingy@gmail.com",
        "is_staff": false,
        "is_active": true,
        "date_joined": "2017-03-27T14:49:24.374Z",
        "stripe_id": "cus_AMibhXspinovON",
        "subscription_end": "2017-04-24T14:49:26.058Z",
        "image": "",
        "groups": [],
        "user_permissions": []
    }
},
{
    "model": "members.user",
    "fields": {
        "password": "pbkdf2_sha256$30000$KUCpDe0a6nFr$zAoeXFQqasvGiVBvteTWz8CyGj5mBKQ8Y7pk+tDbI9o=",
        "last_login": "2017-03-27T15:07:09.506Z",
        "is_superuser": false,
        "username": "brainy@hotmail.com",
        "first_name": "Brainy",
        "last_name": "",
        "email": "brainy@hotmail.com",
        "is_staff": false,
        "is_active": true,
        "date_joined": "2017-03-27T15:07:05.132Z",
        "stripe_id": "cus_AMis9rWY8IMdJL",
        "subscription_end": "2017-04-24T15:07:09.252Z",
        "image": "",
        "groups": [],
        "user_permissions": []
    }
},
{
    "model": "members.user",
    "fields": {
        "password": "pbkdf2_sha256$30000$fWb6FVXD2ji2$U1yNOcbS9ohClC0W60hA/z/VgRtiK9FxRE7b+x/Csho=",
        "last_login": "2017-03-28T09:38:31.429Z",
        "is_superuser": false,
        "username": "baluga@gmail.com",
        "first_name": "Baluga",
        "last_name": "",
        "email": "baluga@gmail.com",
        "is_staff": false,
        "is_active": true,
        "date_joined": "2017-03-28T09:38:28.002Z",
        "stripe_id": "cus_AN0oSxHUbgThRN",
        "subscription_end": "2017-04-25T09:38:31.190Z",
        "image": "",
        "groups": [],
        "user_permissions": []
    }
},
{
    "model": "members.user",
    "fields": {
        "password": "pbkdf2_sha256$30000$OJrDdHYlus2B$whGkHSwA/P1QNQ98mddTpEWysbF/66FckjMyKefxoL4=",
        "last_login": "2017-03-30T16:16:10.154Z",
        "is_superuser": false,
        "username": "jerry@gmail.com",
        "first_name": "Jerry",
        "last_name": "",
        "email": "jerry@gmail.com",
        "is_staff": false,
        "is_active": true,
        "date_joined": "2017-03-28T09:50:20.656Z",
        "stripe_id": "cus_AN10Ter14jq3OA",
        "subscription_end": "2017-04-25T09:50:23.648Z",
        "image": "images/meprof.jpeg",
        "groups": [],
        "user_permissions": []
    }
},
{
    "model": "members.user",
    "fields": {
        "password": "pbkdf2_sha256$30000$85d4UtdOnTOY$2ZFilPkcE9/BeTThOmsYDQ8IyBwrtwfLV0FEXv6n+WM=",
        "last_login": "2017-03-28T13:16:02.654Z",
        "is_superuser": false,
        "username": "manfred@gmail.com",
        "first_name": "Manfred",
        "last_name": "",
        "email": "manfred@gmail.com",
        "is_staff": false,
        "is_active": true,
        "date_joined": "2017-03-28T13:15:59.482Z",
        "stripe_id": "cus_AN4JA3PVtlNXP9",
        "subscription_end": "2017-04-25T13:16:02.348Z",
        "image": "images/HughnEm.jpg",
        "groups": [],
        "user_permissions": []
    }
},
{
    "model": "members.user",
    "fields": {
        "password": "pbkdf2_sha256$30000$VthXiuWqUx8C$jiygOTb6jcvPTl6dwpOnOE+IcbtkS7Mx7u7Y8Y93GB4=",
        "last_login": "2017-03-28T16:03:21.534Z",
        "is_superuser": false,
        "username": "philipneeves@s2m.com.au",
        "first_name": "Philneeves",
        "last_name": "",
        "email": "philipneeves@s2m.com.au",
        "is_staff": false,
        "is_active": true,
        "date_joined": "2017-03-28T16:03:17.737Z",
        "stripe_id": "cus_AN71U0XQcjpZhB",
        "subscription_end": "2017-04-25T16:03:21.305Z",
        "image": "images/firefox.jpg",
        "groups": [],
        "user_permissions": []
    }
},
{
    "model": "members.user",
    "fields": {
        "password": "pbkdf2_sha256$30000$18pldOqlqpNo$G50K2MakaNVeuiVRnMQFCBvvkMG7O5Y7s/qHAVXEVSc=",
        "last_login": "2017-04-05T07:21:20.009Z",
        "is_superuser": false,
        "username": "donald@trump.com",
        "first_name": "Donald",
        "last_name": "",
        "email": "donald@trump.com",
        "is_staff": false,
        "is_active": true,
        "date_joined": "2017-03-31T14:36:59.986Z",
        "stripe_id": "cus_AODIEpZXzCxoWV",
        "subscription_end": "2017-04-28T14:37:03.653Z",
        "image": "images/chump.jpg",
        "groups": [],
        "user_permissions": []
    }
},
{
    "model": "ipn.paypalipn",
    "pk": 1,
    "fields": {
        "business": "property.mogul@invest.com",
        "charset": "windows-1252",
        "custom": "1-12",
        "notify_version": "3.80",
        "parent_txn_id": "",
        "receiver_email": "property.mogul@invest.com",
        "receiver_id": "",
        "residence_country": "GB",
        "test_ipn": true,
        "txn_id": "",
        "txn_type": "subscr_signup",
        "verify_sign": "AIkKNboJiyuxWLOHUlzTd3lpqCSxA7TsKCtt3a59vdvYu3qm3BO6Eesr",
        "address_country": "",
        "address_city": "",
        "address_country_code": "",
        "address_name": "",
        "address_state": "",
        "address_status": "",
        "address_street": "",
        "address_zip": "",
        "contact_phone": "",
        "first_name": "Philip",
        "last_name": "Neeves",
        "payer_business_name": "",
        "payer_email": "philipneeves@gmail.com",
        "payer_id": "GJ2DEATYKCBLJ",
        "auth_amount": "0.00",
        "auth_exp": "",
        "auth_id": "",
        "auth_status": "",
        "exchange_rate": "0E-16",
        "invoice": "51356722-6b63-4590-b995-0d01a65b5e8a",
        "item_name": "Tallaght Factory",
        "item_number": "",
        "mc_currency": "USD",
        "mc_fee": "0.00",
        "mc_gross": "0.00",
        "mc_handling": "0.00",
        "mc_shipping": "0.00",
        "memo": "",
        "num_cart_items": 0,
        "option_name1": "",
        "option_name2": "",
        "option_selection1": "",
        "option_selection2": "",
        "payer_status": "verified",
        "payment_date": null,
        "payment_gross": "0.00",
        "payment_status": "",
        "payment_type": "",
        "pending_reason": "",
        "protection_eligibility": "",
        "quantity": 1,
        "reason_code": "",
        "remaining_settle": "0.00",
        "settle_amount": "0.00",
        "settle_currency": "",
        "shipping": "0.00",
        "shipping_method": "",
        "tax": "0.00",
        "transaction_entity": "",
        "auction_buyer_id": "",
        "auction_closing_date": null,
        "auction_multi_item": 0,
        "for_auction": "0.00",
        "amount": "0.00",
        "amount_per_cycle": "0.00",
        "initial_payment_amount": "0.00",
        "next_payment_date": null,
        "outstanding_balance": "0.00",
        "payment_cycle": "",
        "period_type": "",
        "product_name": "",
        "product_type": "",
        "profile_status": "",
        "recurring_payment_id": "",
        "rp_invoice_id": "",
        "time_created": null,
        "amount1": "0.00",
        "amount2": "0.00",
        "amount3": "1900.00",
        "mc_amount1": "0.00",
        "mc_amount2": "0.00",
        "mc_amount3": "1900.00",
        "password": "",
        "period1": "",
        "period2": "",
        "period3": "1 M",
        "reattempt": "1",
        "recur_times": 0,
        "recurring": "1",
        "retry_at": null,
        "subscr_date": "2017-03-22T16:34:03Z",
        "subscr_effective": null,
        "subscr_id": "I-R50S59CPSYCK",
        "username": "",
        "mp_id": "",
        "case_creation_date": null,
        "case_id": "",
        "case_type": "",
        "receipt_id": "",
        "currency_code": "USD",
        "handling_amount": "0.00",
        "transaction_subject": "",
        "ipaddress": "127.0.0.1",
        "flag": false,
        "flag_code": "",
        "flag_info": "",
        "query": "txn_type=subscr_signup&subscr_id=I-R50S59CPSYCK&last_name=Neeves&residence_country=GB&mc_currency=USD&item_name=Tallaght+Factory&business=property.mogul%40invest.com&amount3=1900.00&recurring=1&verify_sign=AIkKNboJiyuxWLOHUlzTd3lpqCSxA7TsKCtt3a59vdvYu3qm3BO6Eesr&payer_status=verified&test_ipn=1&payer_email=philipneeves%40gmail.com&first_name=Philip&receiver_email=property.mogul%40invest.com&payer_id=GJ2DEATYKCBLJ&invoice=51356722-6b63-4590-b995-0d01a65b5e8a&reattempt=1&subscr_date=09%3A34%3A03+Mar+22%2C+2017+PDT&custom=1-12&charset=windows-1252&notify_version=3.8&period3=1+M&mc_amount3=1900.00&ipn_track_id=f6b082de6da82",
        "response": "VERIFIED",
        "created_at": "2017-03-22T16:36:57.962Z",
        "updated_at": "2017-03-22T16:36:58.192Z",
        "from_view": ""
    }
},
{
    "model": "ipn.paypalipn",
    "pk": 2,
    "fields": {
        "business": "property.mogul@invest.com",
        "charset": "windows-1252",
        "custom": "1-12",
        "notify_version": "3.80",
        "parent_txn_id": "",
        "receiver_email": "property.mogul@invest.com",
        "receiver_id": "TJMBCE2Q5JNW8",
        "residence_country": "GB",
        "test_ipn": true,
        "txn_id": "26R512855H923864D",
        "txn_type": "subscr_payment",
        "verify_sign": "AFcWxV21C7fd0v3bYYYRCpSSRl31AgjBKX.zP4lcZ2qhwstCPqiTDH.e",
        "address_country": "",
        "address_city": "",
        "address_country_code": "",
        "address_name": "",
        "address_state": "",
        "address_status": "",
        "address_street": "",
        "address_zip": "",
        "contact_phone": "",
        "first_name": "Philip",
        "last_name": "Neeves",
        "payer_business_name": "",
        "payer_email": "philipneeves@gmail.com",
        "payer_id": "GJ2DEATYKCBLJ",
        "auth_amount": "0.00",
        "auth_exp": "",
        "auth_id": "",
        "auth_status": "",
        "exchange_rate": "0E-16",
        "invoice": "51356722-6b63-4590-b995-0d01a65b5e8a",
        "item_name": "Tallaght Factory",
        "item_number": "",
        "mc_currency": "USD",
        "mc_fee": "0.00",
        "mc_gross": "1900.00",
        "mc_handling": "0.00",
        "mc_shipping": "0.00",
        "memo": "",
        "num_cart_items": 0,
        "option_name1": "",
        "option_name2": "",
        "option_selection1": "",
        "option_selection2": "",
        "payer_status": "verified",
        "payment_date": "2017-03-22T16:34:07Z",
        "payment_gross": "1900.00",
        "payment_status": "Pending",
        "payment_type": "instant",
        "pending_reason": "multi_currency",
        "protection_eligibility": "Ineligible",
        "quantity": 1,
        "reason_code": "",
        "remaining_settle": "0.00",
        "settle_amount": "0.00",
        "settle_currency": "",
        "shipping": "0.00",
        "shipping_method": "",
        "tax": "0.00",
        "transaction_entity": "",
        "auction_buyer_id": "",
        "auction_closing_date": null,
        "auction_multi_item": 0,
        "for_auction": "0.00",
        "amount": "0.00",
        "amount_per_cycle": "0.00",
        "initial_payment_amount": "0.00",
        "next_payment_date": null,
        "outstanding_balance": "0.00",
        "payment_cycle": "",
        "period_type": "",
        "product_name": "",
        "product_type": "",
        "profile_status": "",
        "recurring_payment_id": "",
        "rp_invoice_id": "",
        "time_created": null,
        "amount1": "0.00",
        "amount2": "0.00",
        "amount3": "0.00",
        "mc_amount1": "0.00",
        "mc_amount2": "0.00",
        "mc_amount3": "0.00",
        "password": "",
        "period1": "",
        "period2": "",
        "period3": "",
        "reattempt": "",
        "recur_times": 0,
        "recurring": "",
        "retry_at": null,
        "subscr_date": null,
        "subscr_effective": null,
        "subscr_id": "I-R50S59CPSYCK",
        "username": "",
        "mp_id": "",
        "case_creation_date": null,
        "case_id": "",
        "case_type": "",
        "receipt_id": "",
        "currency_code": "USD",
        "handling_amount": "0.00",
        "transaction_subject": "Tallaght Factory",
        "ipaddress": "127.0.0.1",
        "flag": false,
        "flag_code": "",
        "flag_info": "",
        "query": "transaction_subject=Tallaght+Factory&txn_type=subscr_payment&payment_date=09%3A34%3A07+Mar+22%2C+2017+PDT&subscr_id=I-R50S59CPSYCK&last_name=Neeves&residence_country=GB&pending_reason=multi_currency&item_name=Tallaght+Factory&payment_gross=1900.00&mc_currency=USD&business=property.mogul%40invest.com&payment_type=instant&protection_eligibility=Ineligible&verify_sign=AFcWxV21C7fd0v3bYYYRCpSSRl31AgjBKX.zP4lcZ2qhwstCPqiTDH.e&payer_status=verified&test_ipn=1&payer_email=philipneeves%40gmail.com&txn_id=26R512855H923864D&receiver_email=property.mogul%40invest.com&first_name=Philip&invoice=51356722-6b63-4590-b995-0d01a65b5e8a&payer_id=GJ2DEATYKCBLJ&receiver_id=TJMBCE2Q5JNW8&payment_status=Pending&mc_gross=1900.00&custom=1-12&charset=windows-1252&notify_version=3.8&ipn_track_id=f6b082de6da82",
        "response": "VERIFIED",
        "created_at": "2017-03-22T16:37:58.854Z",
        "updated_at": "2017-03-22T16:37:59.007Z",
        "from_view": ""
    }
},
{
    "model": "ipn.paypalipn",
    "pk": 3,
    "fields": {
        "business": "property.mogul@invest.com",
        "charset": "windows-1252",
        "custom": "1-12",
        "notify_version": "3.80",
        "parent_txn_id": "",
        "receiver_email": "property.mogul@invest.com",
        "receiver_id": "",
        "residence_country": "GB",
        "test_ipn": true,
        "txn_id": "",
        "txn_type": "subscr_signup",
        "verify_sign": "AIkKNboJiyuxWLOHUlzTd3lpqCSxA7TsKCtt3a59vdvYu3qm3BO6Eesr",
        "address_country": "",
        "address_city": "",
        "address_country_code": "",
        "address_name": "",
        "address_state": "",
        "address_status": "",
        "address_street": "",
        "address_zip": "",
        "contact_phone": "",
        "first_name": "Philip",
        "last_name": "Neeves",
        "payer_business_name": "",
        "payer_email": "philipneeves@gmail.com",
        "payer_id": "GJ2DEATYKCBLJ",
        "auth_amount": "0.00",
        "auth_exp": "",
        "auth_id": "",
        "auth_status": "",
        "exchange_rate": "0E-16",
        "invoice": "51356722-6b63-4590-b995-0d01a65b5e8a",
        "item_name": "Tallaght Factory",
        "item_number": "",
        "mc_currency": "USD",
        "mc_fee": "0.00",
        "mc_gross": "0.00",
        "mc_handling": "0.00",
        "mc_shipping": "0.00",
        "memo": "",
        "num_cart_items": 0,
        "option_name1": "",
        "option_name2": "",
        "option_selection1": "",
        "option_selection2": "",
        "payer_status": "verified",
        "payment_date": null,
        "payment_gross": "0.00",
        "payment_status": "",
        "payment_type": "",
        "pending_reason": "",
        "protection_eligibility": "",
        "quantity": 1,
        "reason_code": "",
        "remaining_settle": "0.00",
        "settle_amount": "0.00",
        "settle_currency": "",
        "shipping": "0.00",
        "shipping_method": "",
        "tax": "0.00",
        "transaction_entity": "",
        "auction_buyer_id": "",
        "auction_closing_date": null,
        "auction_multi_item": 0,
        "for_auction": "0.00",
        "amount": "0.00",
        "amount_per_cycle": "0.00",
        "initial_payment_amount": "0.00",
        "next_payment_date": null,
        "outstanding_balance": "0.00",
        "payment_cycle": "",
        "period_type": "",
        "product_name": "",
        "product_type": "",
        "profile_status": "",
        "recurring_payment_id": "",
        "rp_invoice_id": "",
        "time_created": null,
        "amount1": "0.00",
        "amount2": "0.00",
        "amount3": "1900.00",
        "mc_amount1": "0.00",
        "mc_amount2": "0.00",
        "mc_amount3": "1900.00",
        "password": "",
        "period1": "",
        "period2": "",
        "period3": "1 M",
        "reattempt": "1",
        "recur_times": 0,
        "recurring": "1",
        "retry_at": null,
        "subscr_date": "2017-03-22T16:34:03Z",
        "subscr_effective": null,
        "subscr_id": "I-R50S59CPSYCK",
        "username": "",
        "mp_id": "",
        "case_creation_date": null,
        "case_id": "",
        "case_type": "",
        "receipt_id": "",
        "currency_code": "USD",
        "handling_amount": "0.00",
        "transaction_subject": "",
        "ipaddress": "127.0.0.1",
        "flag": false,
        "flag_code": "",
        "flag_info": "",
        "query": "txn_type=subscr_signup&subscr_id=I-R50S59CPSYCK&last_name=Neeves&residence_country=GB&mc_currency=USD&item_name=Tallaght+Factory&business=property.mogul%40invest.com&amount3=1900.00&recurring=1&verify_sign=AIkKNboJiyuxWLOHUlzTd3lpqCSxA7TsKCtt3a59vdvYu3qm3BO6Eesr&payer_status=verified&test_ipn=1&payer_email=philipneeves%40gmail.com&first_name=Philip&receiver_email=property.mogul%40invest.com&payer_id=GJ2DEATYKCBLJ&invoice=51356722-6b63-4590-b995-0d01a65b5e8a&reattempt=1&subscr_date=09%3A34%3A03+Mar+22%2C+2017+PDT&custom=1-12&charset=windows-1252&notify_version=3.8&period3=1+M&mc_amount3=1900.00&ipn_track_id=f6b082de6da82",
        "response": "VERIFIED",
        "created_at": "2017-03-22T16:40:09.854Z",
        "updated_at": "2017-03-22T16:40:10.051Z",
        "from_view": ""
    }
},
{
    "model": "ipn.paypalipn",
    "pk": 4,
    "fields": {
        "business": "property.mogul@invest.com",
        "charset": "windows-1252",
        "custom": "1-12",
        "notify_version": "3.80",
        "parent_txn_id": "",
        "receiver_email": "property.mogul@invest.com",
        "receiver_id": "TJMBCE2Q5JNW8",
        "residence_country": "GB",
        "test_ipn": true,
        "txn_id": "26R512855H923864D",
        "txn_type": "subscr_payment",
        "verify_sign": "AFcWxV21C7fd0v3bYYYRCpSSRl31AgjBKX.zP4lcZ2qhwstCPqiTDH.e",
        "address_country": "",
        "address_city": "",
        "address_country_code": "",
        "address_name": "",
        "address_state": "",
        "address_status": "",
        "address_street": "",
        "address_zip": "",
        "contact_phone": "",
        "first_name": "Philip",
        "last_name": "Neeves",
        "payer_business_name": "",
        "payer_email": "philipneeves@gmail.com",
        "payer_id": "GJ2DEATYKCBLJ",
        "auth_amount": "0.00",
        "auth_exp": "",
        "auth_id": "",
        "auth_status": "",
        "exchange_rate": "0E-16",
        "invoice": "51356722-6b63-4590-b995-0d01a65b5e8a",
        "item_name": "Tallaght Factory",
        "item_number": "",
        "mc_currency": "USD",
        "mc_fee": "0.00",
        "mc_gross": "1900.00",
        "mc_handling": "0.00",
        "mc_shipping": "0.00",
        "memo": "",
        "num_cart_items": 0,
        "option_name1": "",
        "option_name2": "",
        "option_selection1": "",
        "option_selection2": "",
        "payer_status": "verified",
        "payment_date": "2017-03-22T16:34:07Z",
        "payment_gross": "1900.00",
        "payment_status": "Pending",
        "payment_type": "instant",
        "pending_reason": "multi_currency",
        "protection_eligibility": "Ineligible",
        "quantity": 1,
        "reason_code": "",
        "remaining_settle": "0.00",
        "settle_amount": "0.00",
        "settle_currency": "",
        "shipping": "0.00",
        "shipping_method": "",
        "tax": "0.00",
        "transaction_entity": "",
        "auction_buyer_id": "",
        "auction_closing_date": null,
        "auction_multi_item": 0,
        "for_auction": "0.00",
        "amount": "0.00",
        "amount_per_cycle": "0.00",
        "initial_payment_amount": "0.00",
        "next_payment_date": null,
        "outstanding_balance": "0.00",
        "payment_cycle": "",
        "period_type": "",
        "product_name": "",
        "product_type": "",
        "profile_status": "",
        "recurring_payment_id": "",
        "rp_invoice_id": "",
        "time_created": null,
        "amount1": "0.00",
        "amount2": "0.00",
        "amount3": "0.00",
        "mc_amount1": "0.00",
        "mc_amount2": "0.00",
        "mc_amount3": "0.00",
        "password": "",
        "period1": "",
        "period2": "",
        "period3": "",
        "reattempt": "",
        "recur_times": 0,
        "recurring": "",
        "retry_at": null,
        "subscr_date": null,
        "subscr_effective": null,
        "subscr_id": "I-R50S59CPSYCK",
        "username": "",
        "mp_id": "",
        "case_creation_date": null,
        "case_id": "",
        "case_type": "",
        "receipt_id": "",
        "currency_code": "USD",
        "handling_amount": "0.00",
        "transaction_subject": "Tallaght Factory",
        "ipaddress": "127.0.0.1",
        "flag": true,
        "flag_code": "",
        "flag_info": "Duplicate txn_id. (26R512855H923864D)",
        "query": "transaction_subject=Tallaght+Factory&txn_type=subscr_payment&payment_date=09%3A34%3A07+Mar+22%2C+2017+PDT&subscr_id=I-R50S59CPSYCK&last_name=Neeves&residence_country=GB&pending_reason=multi_currency&item_name=Tallaght+Factory&payment_gross=1900.00&mc_currency=USD&business=property.mogul%40invest.com&payment_type=instant&protection_eligibility=Ineligible&verify_sign=AFcWxV21C7fd0v3bYYYRCpSSRl31AgjBKX.zP4lcZ2qhwstCPqiTDH.e&payer_status=verified&test_ipn=1&payer_email=philipneeves%40gmail.com&txn_id=26R512855H923864D&receiver_email=property.mogul%40invest.com&first_name=Philip&invoice=51356722-6b63-4590-b995-0d01a65b5e8a&payer_id=GJ2DEATYKCBLJ&receiver_id=TJMBCE2Q5JNW8&payment_status=Pending&mc_gross=1900.00&custom=1-12&charset=windows-1252&notify_version=3.8&ipn_track_id=f6b082de6da82",
        "response": "VERIFIED",
        "created_at": "2017-03-22T16:41:13.930Z",
        "updated_at": "2017-03-22T16:41:14.177Z",
        "from_view": ""
    }
},
{
    "model": "ipn.paypalipn",
    "pk": 5,
    "fields": {
        "business": "property.mogul@invest.com",
        "charset": "windows-1252",
        "custom": "1-12",
        "notify_version": "3.80",
        "parent_txn_id": "",
        "receiver_email": "property.mogul@invest.com",
        "receiver_id": "",
        "residence_country": "GB",
        "test_ipn": true,
        "txn_id": "",
        "txn_type": "subscr_signup",
        "verify_sign": "AIkKNboJiyuxWLOHUlzTd3lpqCSxA7TsKCtt3a59vdvYu3qm3BO6Eesr",
        "address_country": "",
        "address_city": "",
        "address_country_code": "",
        "address_name": "",
        "address_state": "",
        "address_status": "",
        "address_street": "",
        "address_zip": "",
        "contact_phone": "",
        "first_name": "Philip",
        "last_name": "Neeves",
        "payer_business_name": "",
        "payer_email": "philipneeves@gmail.com",
        "payer_id": "GJ2DEATYKCBLJ",
        "auth_amount": "0.00",
        "auth_exp": "",
        "auth_id": "",
        "auth_status": "",
        "exchange_rate": "0E-16",
        "invoice": "51356722-6b63-4590-b995-0d01a65b5e8a",
        "item_name": "Tallaght Factory",
        "item_number": "",
        "mc_currency": "USD",
        "mc_fee": "0.00",
        "mc_gross": "0.00",
        "mc_handling": "0.00",
        "mc_shipping": "0.00",
        "memo": "",
        "num_cart_items": 0,
        "option_name1": "",
        "option_name2": "",
        "option_selection1": "",
        "option_selection2": "",
        "payer_status": "verified",
        "payment_date": null,
        "payment_gross": "0.00",
        "payment_status": "",
        "payment_type": "",
        "pending_reason": "",
        "protection_eligibility": "",
        "quantity": 1,
        "reason_code": "",
        "remaining_settle": "0.00",
        "settle_amount": "0.00",
        "settle_currency": "",
        "shipping": "0.00",
        "shipping_method": "",
        "tax": "0.00",
        "transaction_entity": "",
        "auction_buyer_id": "",
        "auction_closing_date": null,
        "auction_multi_item": 0,
        "for_auction": "0.00",
        "amount": "0.00",
        "amount_per_cycle": "0.00",
        "initial_payment_amount": "0.00",
        "next_payment_date": null,
        "outstanding_balance": "0.00",
        "payment_cycle": "",
        "period_type": "",
        "product_name": "",
        "product_type": "",
        "profile_status": "",
        "recurring_payment_id": "",
        "rp_invoice_id": "",
        "time_created": null,
        "amount1": "0.00",
        "amount2": "0.00",
        "amount3": "1900.00",
        "mc_amount1": "0.00",
        "mc_amount2": "0.00",
        "mc_amount3": "1900.00",
        "password": "",
        "period1": "",
        "period2": "",
        "period3": "1 M",
        "reattempt": "1",
        "recur_times": 0,
        "recurring": "1",
        "retry_at": null,
        "subscr_date": "2017-03-22T16:34:03Z",
        "subscr_effective": null,
        "subscr_id": "I-R50S59CPSYCK",
        "username": "",
        "mp_id": "",
        "case_creation_date": null,
        "case_id": "",
        "case_type": "",
        "receipt_id": "",
        "currency_code": "USD",
        "handling_amount": "0.00",
        "transaction_subject": "",
        "ipaddress": "127.0.0.1",
        "flag": false,
        "flag_code": "",
        "flag_info": "",
        "query": "txn_type=subscr_signup&subscr_id=I-R50S59CPSYCK&last_name=Neeves&residence_country=GB&mc_currency=USD&item_name=Tallaght+Factory&business=property.mogul%40invest.com&amount3=1900.00&recurring=1&verify_sign=AIkKNboJiyuxWLOHUlzTd3lpqCSxA7TsKCtt3a59vdvYu3qm3BO6Eesr&payer_status=verified&test_ipn=1&payer_email=philipneeves%40gmail.com&first_name=Philip&receiver_email=property.mogul%40invest.com&payer_id=GJ2DEATYKCBLJ&invoice=51356722-6b63-4590-b995-0d01a65b5e8a&reattempt=1&subscr_date=09%3A34%3A03+Mar+22%2C+2017+PDT&custom=1-12&charset=windows-1252&notify_version=3.8&period3=1+M&mc_amount3=1900.00&ipn_track_id=f6b082de6da82",
        "response": "VERIFIED",
        "created_at": "2017-03-22T16:47:06.086Z",
        "updated_at": "2017-03-22T16:47:06.218Z",
        "from_view": ""
    }
},
{
    "model": "products.product",
    "pk": 3,
    "fields": {
        "name": "How To Be A Property Mogul",
        "description": "An enlightening book on the successes and failures of Philip on his path to glory.  Learn from the best.",
        "price": "19.99",
        "image": "images/novel-1.jpg"
    }
},
{
    "model": "products.product",
    "pk": 4,
    "fields": {
        "name": "Monopoly",
        "description": "The classic game for budding property investors.  Can you go all the way and create your own Monopoly!\r\nGreat fun for all the family.",
        "price": "30.00",
        "image": "images/monopoly.jpg"
    }
},
{
    "model": "products.product",
    "pk": 6,
    "fields": {
        "name": "Lego Set",
        "description": "The perfect gift for your child this Christmas or for the budding Property Developer in you!\r\nA classic for all ages.",
        "price": "40.00",
        "image": "images/lego_house.jpg"
    }
},
{
    "model": "products.product",
    "pk": 7,
    "fields": {
        "name": "3D House Jigsaw Puzzle",
        "description": "A Miniature House DIY 3D Jigsaw puzzle that can be passed onto future generations encased in a glass globe",
        "price": "19.99",
        "image": "images/house_globe.jpg"
    }
},
{
    "model": "houses.house",
    "pk": 2,
    "fields": {
        "name": "Small Residential",
        "description": "Subscribe to a $50.00 investment per Month into the Residential Property market",
        "price": "50.00",
        "image": "images/house2_2UIPARK.jpeg"
    }
},
{
    "model": "houses.house",
    "pk": 3,
    "fields": {
        "name": "Large Commercial",
        "description": "Invest $1000.00 per Month into Large-size Commercial properties",
        "price": "1000.00",
        "image": "images/factory_eT8PCxN.jpg"
    }
},
{
    "model": "houses.house",
    "pk": 4,
    "fields": {
        "name": "Small Commercial",
        "description": "A Monthly investment into small commercial properties like shops and small businesses.\r\nQuick to move and a makes for great collective investing!",
        "price": "100.00",
        "image": "images/small-shop.jpg"
    }
},
{
    "model": "houses.house",
    "pk": 5,
    "fields": {
        "name": "Large Residential",
        "description": "Invest with the big boys and girls in to the sweet world of large residential.  We're talking mansions and palaces - big money and big returns.",
        "price": "2000.00",
        "image": "images/large-house.jpg"
    }
},
{
    "model": "blog.post",
    "pk": 1,
    "fields": {
        "author": 10,
        "title": "The Property Game",
        "content": "There are winners and losers but if you play your cards right you can become a Property Mogul.  Follow me as I take you on the journey of success.\r\nThe best part is you only need \u20ac100 minimum to start winning.\r\nGet involved or go home.",
        "created_date": "2017-03-23T11:07:59.341Z",
        "published_date": "2017-03-15T11:05:48Z",
        "views": 7,
        "tag": "property",
        "image": "images/mansion.jpeg"
    }
},
{
    "model": "blog.post",
    "pk": 2,
    "fields": {
        "author": 10,
        "title": "Compound Investing",
        "content": "If you are intending on investing in property you have to understand the concept and power of compound investing.  You know when you get that little bit of interest on your bank account, if you left that then the next bit of interest would be a smidgeon higher.\r\nIf you just leave it that little bit extra starts to grow exponentially and you get rich.\r\nThat is compound interest!",
        "created_date": "2017-03-23T12:02:58.758Z",
        "published_date": "2017-03-23T12:02:58.757Z",
        "views": 37,
        "tag": null,
        "image": "images/dollars.png"
    }
},
{
    "model": "blog.post",
    "pk": 3,
    "fields": {
        "author": 10,
        "title": "Great book on investing",
        "content": "My rise to the top has been remarkable, so much so I decided to write a book about my experiences!  It's not just me harping on about how great I am but also gives some stunning insights into the property investment world.\r\nLuckily for you it available in my Products store - just head to the Products page and voila you can buy it there.\r\nHappy reading people! Get investing!",
        "created_date": "2017-03-23T12:56:50.346Z",
        "published_date": "2017-03-23T12:56:50.345Z",
        "views": 3,
        "tag": null,
        "image": "images/novel-1_Qtsji8K.jpg"
    }
},
{
    "model": "blog.post",
    "pk": 4,
    "fields": {
        "author": 18,
        "title": "Another Day Another Dollar",
        "content": "It's a cliche but it's true.  The race is on and some are winners some are losers.",
        "created_date": "2017-03-25T09:58:26.024Z",
        "published_date": "2017-03-25T09:58:26.022Z",
        "views": 16,
        "tag": null,
        "image": "images/Gold-medal.png"
    }
},
{
    "model": "blog.post",
    "pk": 5,
    "fields": {
        "author": 35,
        "title": "Heat",
        "content": "Things are heating up for Summer and so is the Property market!  Real Estate, Commercial, you name it it's on the rise and we're on fire.",
        "created_date": "2017-04-03T13:27:44.563Z",
        "published_date": "2017-04-03T13:27:44.563Z",
        "views": 3,
        "tag": null,
        "image": "images/heat.gif"
    }
},
{
    "model": "sites.site",
    "fields": {
        "domain": "example.com",
        "name": "example.com"
    }
},
{
    "model": "threads.subject",
    "pk": 1,
    "fields": {
        "name": "Investment Strategies",
        "description": "<p>Forum discussion around potential investment opportunities for our members. &nbsp;We will post threads here about places of interest so feel free to jump in and give your opinion and vote in our polls. &nbsp;Winners of polls will become the next Property Mogul investment.</p>"
    }
},
{
    "model": "threads.subject",
    "pk": 2,
    "fields": {
        "name": "Just Property?",
        "description": "<p>Discussion around alternative investments aside from Property.</p>\r\n<p>Should we be looking at those too?</p>\r\n<p>Isn't Property and bit risky these days?</p>\r\n<p>And more!</p>"
    }
},
{
    "model": "threads.thread",
    "pk": 1,
    "fields": {
        "name": "North County Dublin",
        "user": 10,
        "subject": 1,
        "created_at": "2017-03-23T16:48:09Z"
    }
},
{
    "model": "threads.thread",
    "pk": 2,
    "fields": {
        "name": "Fingal",
        "user": 13,
        "subject": 1,
        "created_at": "2017-03-24T16:07:51Z"
    }
},
{
    "model": "threads.thread",
    "pk": 3,
    "fields": {
        "name": "South Dublin",
        "user": 10,
        "subject": 1,
        "created_at": "2017-03-24T16:47:39.982Z"
    }
},
{
    "model": "threads.thread",
    "pk": 4,
    "fields": {
        "name": "How Much To Invest?",
        "user": 18,
        "subject": 1,
        "created_at": "2017-03-25T10:13:07.852Z"
    }
},
{
    "model": "threads.thread",
    "pk": 5,
    "fields": {
        "name": "Shares",
        "user": 10,
        "subject": 2,
        "created_at": "2017-03-27T11:23:05.937Z"
    }
},
{
    "model": "threads.post",
    "pk": 1,
    "fields": {
        "thread": 1,
        "comment": "<p>I definitely think North County Dublin as a lot to offer in growth potential. &nbsp;There are some lovely towns and within a stone's throw of the ever growing service economy in the City which requires professional workers. &nbsp;And they need somewhere to live.</p>",
        "user": 10,
        "created_at": "2017-03-23T16:58:37Z"
    }
},
{
    "model": "threads.post",
    "pk": 2,
    "fields": {
        "thread": 1,
        "comment": "I think this could be a great area to invest in property developments",
        "user": 10,
        "created_at": "2017-03-23T17:05:49.375Z"
    }
},
{
    "model": "threads.post",
    "pk": 3,
    "fields": {
        "thread": 2,
        "comment": "Fingal is an up and coming seaside location with commuting lines to Dublin.  We want to know your thoughts on investing in property in this area?",
        "user": 13,
        "created_at": "2017-03-24T16:07:51.008Z"
    }
},
{
    "model": "threads.post",
    "pk": 4,
    "fields": {
        "thread": 2,
        "comment": "<p>I think Fingal as a whole has great potential but I wouldn't be so sure on Balbriggan and certain other places.</p>",
        "user": 13,
        "created_at": "2017-03-24T16:11:19Z"
    }
},
{
    "model": "threads.post",
    "pk": 5,
    "fields": {
        "thread": 1,
        "comment": "Testing testing testing",
        "user": 10,
        "created_at": "2017-03-24T16:44:27.518Z"
    }
},
{
    "model": "threads.post",
    "pk": 6,
    "fields": {
        "thread": 3,
        "comment": "Discussion on investing in property in the South Dublin locations",
        "user": 10,
        "created_at": "2017-03-24T16:47:39.983Z"
    }
},
{
    "model": "threads.post",
    "pk": 7,
    "fields": {
        "thread": 3,
        "comment": "<p>Testing the tinymce as wasn't linked properly before</p>",
        "user": 10,
        "created_at": "2017-03-24T17:24:42.732Z"
    }
},
{
    "model": "threads.post",
    "pk": 8,
    "fields": {
        "thread": 4,
        "comment": "People are at a variety of stages in their investments, how much do you think is the right amount to invest per Month?",
        "user": 18,
        "created_at": "2017-03-25T10:13:07.854Z"
    }
},
{
    "model": "threads.post",
    "pk": 9,
    "fields": {
        "thread": 4,
        "comment": "<p>I don't think it really matters just as long as you are spending what you can afford! &nbsp;Remember the values of your investments can go down as well as up.</p>",
        "user": 18,
        "created_at": "2017-03-25T10:13:59.712Z"
    }
},
{
    "model": "threads.post",
    "pk": 10,
    "fields": {
        "thread": 1,
        "comment": "<p>Testing testing testing</p>",
        "user": 10,
        "created_at": "2017-03-25T10:59:56.035Z"
    }
},
{
    "model": "threads.post",
    "pk": 11,
    "fields": {
        "thread": 1,
        "comment": "<p>Testing testing testing</p>",
        "user": 10,
        "created_at": "2017-03-25T11:32:52.336Z"
    }
},
{
    "model": "threads.post",
    "pk": 12,
    "fields": {
        "thread": 1,
        "comment": "<p>More testing of the posts section!</p>",
        "user": 10,
        "created_at": "2017-03-25T11:39:32.412Z"
    }
},
{
    "model": "threads.post",
    "pk": 13,
    "fields": {
        "thread": 1,
        "comment": "<p>More testing of the posts section!</p>",
        "user": 10,
        "created_at": "2017-03-25T11:41:37.717Z"
    }
},
{
    "model": "threads.post",
    "pk": 14,
    "fields": {
        "thread": 1,
        "comment": "<p>More testing of the posts section!</p>",
        "user": 10,
        "created_at": "2017-03-25T11:42:27.269Z"
    }
},
{
    "model": "threads.post",
    "pk": 15,
    "fields": {
        "thread": 1,
        "comment": "<p>I'm going to get this to work I swear!</p>",
        "user": 10,
        "created_at": "2017-03-25T11:45:53.140Z"
    }
},
{
    "model": "threads.post",
    "pk": 16,
    "fields": {
        "thread": 1,
        "comment": "<p>Yet another post</p>",
        "user": 10,
        "created_at": "2017-03-25T11:47:12.435Z"
    }
},
{
    "model": "threads.post",
    "pk": 17,
    "fields": {
        "thread": 1,
        "comment": "<p>Ooogy boogy</p>",
        "user": 10,
        "created_at": "2017-03-25T11:52:08.365Z"
    }
},
{
    "model": "threads.post",
    "pk": 18,
    "fields": {
        "thread": 1,
        "comment": "<p>Ooogy boogy</p>",
        "user": 10,
        "created_at": "2017-03-25T12:40:49.218Z"
    }
},
{
    "model": "threads.post",
    "pk": 19,
    "fields": {
        "thread": 1,
        "comment": "<p>Yet another post</p>",
        "user": 10,
        "created_at": "2017-03-25T12:43:51.433Z"
    }
},
{
    "model": "threads.post",
    "pk": 20,
    "fields": {
        "thread": 1,
        "comment": "<p>This also another post we are looking at but not sure</p>",
        "user": 10,
        "created_at": "2017-03-25T12:44:52.560Z"
    }
},
{
    "model": "threads.post",
    "pk": 21,
    "fields": {
        "thread": 4,
        "comment": "<p>Don't go crazy whatever you do</p>",
        "user": 10,
        "created_at": "2017-03-25T12:55:17.274Z"
    }
},
{
    "model": "threads.post",
    "pk": 22,
    "fields": {
        "thread": 1,
        "comment": "<p>NOrth county dublin is the best</p>",
        "user": 10,
        "created_at": "2017-03-25T12:55:56.555Z"
    }
},
{
    "model": "threads.post",
    "pk": 23,
    "fields": {
        "thread": 1,
        "comment": "<p>THis is a new post in the summer of 69</p>",
        "user": 10,
        "created_at": "2017-03-25T12:58:20.659Z"
    }
},
{
    "model": "threads.post",
    "pk": 24,
    "fields": {
        "thread": 1,
        "comment": "<p>Thought I'd chuck in my twopence worth - this is a great idea</p>",
        "user": 10,
        "created_at": "2017-03-27T09:39:56.996Z"
    }
},
{
    "model": "threads.post",
    "pk": 25,
    "fields": {
        "thread": 4,
        "comment": "<p>It's a lovely Spring day, perfect for purchasing property!</p>",
        "user": 10,
        "created_at": "2017-03-27T10:30:58.099Z"
    }
},
{
    "model": "threads.post",
    "pk": 26,
    "fields": {
        "thread": 4,
        "comment": "<p>I'm not going to lie - I am delighted this comment section is now working and I can get with focussing on investing!</p>",
        "user": 10,
        "created_at": "2017-03-27T10:48:27.967Z"
    }
},
{
    "model": "threads.post",
    "pk": 27,
    "fields": {
        "thread": 1,
        "comment": "<p>Not sure why but these keep coming up with the their html tags</p>",
        "user": 10,
        "created_at": "2017-03-27T11:10:02.450Z"
    }
},
{
    "model": "threads.post",
    "pk": 28,
    "fields": {
        "thread": 5,
        "comment": "Should we consider investing in the share market also?",
        "user": 10,
        "created_at": "2017-03-27T11:23:05.937Z"
    }
},
{
    "model": "threads.post",
    "pk": 29,
    "fields": {
        "thread": 5,
        "comment": "<p>I reckon some higher risk investment options would be interesting</p>",
        "user": 4,
        "created_at": "2017-03-27T11:26:15.679Z"
    }
},
{
    "model": "threads.post",
    "pk": 30,
    "fields": {
        "thread": 5,
        "comment": "<p>I've heard investing in artwork can really pay off but hard to predict</p>",
        "user": 32,
        "created_at": "2017-03-28T15:59:23.730Z"
    }
},
{
    "model": "threads.post",
    "pk": 31,
    "fields": {
        "thread": 4,
        "comment": "<p>It's nice that you can vary how much you invest, I for one would start small and get bigger and adding on the compound interest you're laughing</p>",
        "user": 34,
        "created_at": "2017-03-28T16:05:03.907Z"
    }
},
{
    "model": "threads.post",
    "pk": 32,
    "fields": {
        "thread": 5,
        "comment": "<p>Hey I'm the king of investment and I say Property all the way.</p>",
        "user": 35,
        "created_at": "2017-04-03T10:01:19.376Z"
    }
},
{
    "model": "threads.post",
    "pk": 33,
    "fields": {
        "thread": 5,
        "comment": "<p>And...I'm the President of the USA...so sad!</p>",
        "user": 35,
        "created_at": "2017-04-03T10:06:00.678Z"
    }
},
{
    "model": "threads.post",
    "pk": 34,
    "fields": {
        "thread": 1,
        "comment": "<p>No! It has to be South, I'm the President I know these things</p>",
        "user": 35,
        "created_at": "2017-04-03T10:43:12.169Z"
    }
},
{
    "model": "polls.poll",
    "pk": 1,
    "fields": {
        "question": "Which is the best town in Fingal to invest in?",
        "thread": 2
    }
},
{
    "model": "polls.poll",
    "pk": 2,
    "fields": {
        "question": "What is your favourite town in the South?",
        "thread": 3
    }
},
{
    "model": "polls.poll",
    "pk": 3,
    "fields": {
        "question": "What should be the minimum investment spend per Month?",
        "thread": 4
    }
},
{
    "model": "polls.poll",
    "pk": 4,
    "fields": {
        "question": "What kind of shares would you like to invest in?",
        "thread": 5
    }
},
{
    "model": "polls.pollsubject",
    "pk": 1,
    "fields": {
        "name": "Skerries",
        "poll": 1
    }
},
{
    "model": "polls.pollsubject",
    "pk": 2,
    "fields": {
        "name": "Rush",
        "poll": 1
    }
},
{
    "model": "polls.pollsubject",
    "pk": 3,
    "fields": {
        "name": "Balbriggan",
        "poll": 1
    }
},
{
    "model": "polls.pollsubject",
    "pk": 4,
    "fields": {
        "name": "Blackrock",
        "poll": 2
    }
},
{
    "model": "polls.pollsubject",
    "pk": 5,
    "fields": {
        "name": "Wicklow",
        "poll": 2
    }
},
{
    "model": "polls.pollsubject",
    "pk": 6,
    "fields": {
        "name": "Bray",
        "poll": 2
    }
},
{
    "model": "polls.pollsubject",
    "pk": 7,
    "fields": {
        "name": "\u20ac50",
        "poll": 3
    }
},
{
    "model": "polls.pollsubject",
    "pk": 8,
    "fields": {
        "name": "\u20ac500",
        "poll": 3
    }
},
{
    "model": "polls.pollsubject",
    "pk": 9,
    "fields": {
        "name": "\u20ac1000",
        "poll": 3
    }
},
{
    "model": "polls.pollsubject",
    "pk": 10,
    "fields": {
        "name": "Blue Chip",
        "poll": 4
    }
},
{
    "model": "polls.pollsubject",
    "pk": 11,
    "fields": {
        "name": "Tech",
        "poll": 4
    }
},
{
    "model": "polls.pollsubject",
    "pk": 12,
    "fields": {
        "name": "Start Ups",
        "poll": 4
    }
},
{
    "model": "polls.vote",
    "pk": 1,
    "fields": {
        "poll": 1,
        "subject": 1,
        "user": 10
    }
},
{
    "model": "polls.vote",
    "pk": 2,
    "fields": {
        "poll": 2,
        "subject": 4,
        "user": 13
    }
},
{
    "model": "polls.vote",
    "pk": 3,
    "fields": {
        "poll": 2,
        "subject": 5,
        "user": 18
    }
},
{
    "model": "polls.vote",
    "pk": 4,
    "fields": {
        "poll": 3,
        "subject": 7,
        "user": 18
    }
},
{
    "model": "polls.vote",
    "pk": 5,
    "fields": {
        "poll": 3,
        "subject": 8,
        "user": 10
    }
},
{
    "model": "polls.vote",
    "pk": 6,
    "fields": {
        "poll": 2,
        "subject": 4,
        "user": 10
    }
},
{
    "model": "polls.vote",
    "pk": 7,
    "fields": {
        "poll": 4,
        "subject": 12,
        "user": 10
    }
},
{
    "model": "polls.vote",
    "pk": 8,
    "fields": {
        "poll": 4,
        "subject": 11,
        "user": 4
    }
},
{
    "model": "polls.vote",
    "pk": 9,
    "fields": {
        "poll": 2,
        "subject": 4,
        "user": 4
    }
},
{
    "model": "polls.vote",
    "pk": 10,
    "fields": {
        "poll": 3,
        "subject": 7,
        "user": 34
    }
},
{
    "model": "polls.vote",
    "pk": 11,
    "fields": {
        "poll": 4,
        "subject": 10,
        "user": 34
    }
},
{
    "model": "polls.vote",
    "pk": 12,
    "fields": {
        "poll": 4,
        "subject": 10,
        "user": 35
    }
},
{
    "model": "admin.logentry",
    "pk": 1,
    "fields": {
        "action_time": "2017-03-22T11:45:59.156Z",
        "user": 10,
        "content_type": 8,
        "object_id": "1",
        "object_repr": "Skerries 3 Bedder",
        "action_flag": 1,
        "change_message": "[{\"added\": {}}]"
    }
},
{
    "model": "admin.logentry",
    "pk": 2,
    "fields": {
        "action_time": "2017-03-22T12:02:38.676Z",
        "user": 10,
        "content_type": 8,
        "object_id": "2",
        "object_repr": "Blackrock 4 Bedder",
        "action_flag": 1,
        "change_message": "[{\"added\": {}}]"
    }
},
{
    "model": "admin.logentry",
    "pk": 3,
    "fields": {
        "action_time": "2017-03-22T12:34:46.712Z",
        "user": 10,
        "content_type": 9,
        "object_id": "1",
        "object_repr": "Tallaght Factory",
        "action_flag": 1,
        "change_message": "[{\"added\": {}}]"
    }
},
{
    "model": "admin.logentry",
    "pk": 4,
    "fields": {
        "action_time": "2017-03-23T10:32:48.523Z",
        "user": 10,
        "content_type": 8,
        "object_id": "3",
        "object_repr": "How To Be A Property Mogul",
        "action_flag": 1,
        "change_message": "[{\"added\": {}}]"
    }
},
{
    "model": "admin.logentry",
    "pk": 5,
    "fields": {
        "action_time": "2017-03-23T11:07:59.361Z",
        "user": 10,
        "content_type": 11,
        "object_id": "1",
        "object_repr": "The Property Game",
        "action_flag": 1,
        "change_message": "[{\"added\": {}}]"
    }
},
{
    "model": "admin.logentry",
    "pk": 6,
    "fields": {
        "action_time": "2017-03-23T16:49:15.867Z",
        "user": 10,
        "content_type": 13,
        "object_id": "1",
        "object_repr": "Investment locations",
        "action_flag": 1,
        "change_message": "[{\"added\": {}}]"
    }
},
{
    "model": "admin.logentry",
    "pk": 7,
    "fields": {
        "action_time": "2017-03-23T16:49:20.523Z",
        "user": 10,
        "content_type": 14,
        "object_id": "1",
        "object_repr": "Thread object",
        "action_flag": 1,
        "change_message": "[{\"added\": {}}]"
    }
},
{
    "model": "admin.logentry",
    "pk": 8,
    "fields": {
        "action_time": "2017-03-23T16:59:48.193Z",
        "user": 10,
        "content_type": 15,
        "object_id": "1",
        "object_repr": "Post object",
        "action_flag": 1,
        "change_message": "[{\"added\": {}}]"
    }
},
{
    "model": "admin.logentry",
    "pk": 9,
    "fields": {
        "action_time": "2017-03-24T16:31:01.037Z",
        "user": 10,
        "content_type": 15,
        "object_id": "4",
        "object_repr": "Post object",
        "action_flag": 2,
        "change_message": "[{\"changed\": {\"fields\": [\"comment\"]}}]"
    }
},
{
    "model": "admin.logentry",
    "pk": 10,
    "fields": {
        "action_time": "2017-03-24T16:42:53.445Z",
        "user": 10,
        "content_type": 17,
        "object_id": "1",
        "object_repr": "Which is the best town in Fingal to invest in?",
        "action_flag": 2,
        "change_message": "[]"
    }
},
{
    "model": "admin.logentry",
    "pk": 11,
    "fields": {
        "action_time": "2017-03-24T16:43:22.178Z",
        "user": 10,
        "content_type": 18,
        "object_id": "1",
        "object_repr": "Vote object",
        "action_flag": 1,
        "change_message": "[{\"added\": {}}]"
    }
},
{
    "model": "admin.logentry",
    "pk": 12,
    "fields": {
        "action_time": "2017-03-24T16:45:40.468Z",
        "user": 10,
        "content_type": 13,
        "object_id": "1",
        "object_repr": "Investment locations",
        "action_flag": 2,
        "change_message": "[{\"changed\": {\"fields\": [\"description\"]}}]"
    }
},
{
    "model": "admin.logentry",
    "pk": 13,
    "fields": {
        "action_time": "2017-03-24T16:45:59.200Z",
        "user": 10,
        "content_type": 14,
        "object_id": "2",
        "object_repr": "Thread object",
        "action_flag": 2,
        "change_message": "[]"
    }
},
{
    "model": "admin.logentry",
    "pk": 14,
    "fields": {
        "action_time": "2017-03-24T16:46:08.055Z",
        "user": 10,
        "content_type": 14,
        "object_id": "1",
        "object_repr": "Thread object",
        "action_flag": 2,
        "change_message": "[]"
    }
},
{
    "model": "admin.logentry",
    "pk": 15,
    "fields": {
        "action_time": "2017-03-25T09:14:56.358Z",
        "user": 10,
        "content_type": 6,
        "object_id": "18",
        "object_repr": "bruce@gmail.com",
        "action_flag": 2,
        "change_message": "[{\"changed\": {\"fields\": [\"last_name\", \"is_staff\"]}}]"
    }
},
{
    "model": "admin.logentry",
    "pk": 16,
    "fields": {
        "action_time": "2017-03-27T08:42:00.214Z",
        "user": 10,
        "content_type": 13,
        "object_id": "1",
        "object_repr": "Investment Strategies",
        "action_flag": 2,
        "change_message": "[{\"changed\": {\"fields\": [\"name\", \"description\"]}}]"
    }
},
{
    "model": "admin.logentry",
    "pk": 17,
    "fields": {
        "action_time": "2017-03-27T11:16:59.943Z",
        "user": 10,
        "content_type": 13,
        "object_id": "2",
        "object_repr": "Just Property?",
        "action_flag": 1,
        "change_message": "[{\"added\": {}}]"
    }
},
{
    "model": "admin.logentry",
    "pk": 18,
    "fields": {
        "action_time": "2017-03-27T11:17:06.664Z",
        "user": 10,
        "content_type": 13,
        "object_id": "2",
        "object_repr": "Just Property?",
        "action_flag": 2,
        "change_message": "[]"
    }
},
{
    "model": "admin.logentry",
    "pk": 19,
    "fields": {
        "action_time": "2017-03-30T10:18:11.114Z",
        "user": 10,
        "content_type": 8,
        "object_id": "2",
        "object_repr": "Blackrock 4 Bedder",
        "action_flag": 3,
        "change_message": ""
    }
},
{
    "model": "admin.logentry",
    "pk": 20,
    "fields": {
        "action_time": "2017-03-30T10:18:23.139Z",
        "user": 10,
        "content_type": 8,
        "object_id": "1",
        "object_repr": "Skerries 3 Bedder",
        "action_flag": 3,
        "change_message": ""
    }
},
{
    "model": "admin.logentry",
    "pk": 21,
    "fields": {
        "action_time": "2017-03-30T10:21:32.873Z",
        "user": 10,
        "content_type": 8,
        "object_id": "4",
        "object_repr": "Monopoly",
        "action_flag": 1,
        "change_message": "[{\"added\": {}}]"
    }
},
{
    "model": "admin.logentry",
    "pk": 22,
    "fields": {
        "action_time": "2017-03-30T10:26:02.350Z",
        "user": 10,
        "content_type": 8,
        "object_id": "4",
        "object_repr": "Monopoly",
        "action_flag": 2,
        "change_message": "[{\"changed\": {\"fields\": [\"image\"]}}]"
    }
},
{
    "model": "admin.logentry",
    "pk": 23,
    "fields": {
        "action_time": "2017-03-30T15:39:10.306Z",
        "user": 10,
        "content_type": 9,
        "object_id": "2",
        "object_repr": "Small Residential",
        "action_flag": 1,
        "change_message": "[{\"added\": {}}]"
    }
},
{
    "model": "admin.logentry",
    "pk": 24,
    "fields": {
        "action_time": "2017-03-30T15:40:00.778Z",
        "user": 10,
        "content_type": 9,
        "object_id": "3",
        "object_repr": "Large Commercial",
        "action_flag": 1,
        "change_message": "[{\"added\": {}}]"
    }
},
{
    "model": "admin.logentry",
    "pk": 25,
    "fields": {
        "action_time": "2017-03-30T15:42:55.636Z",
        "user": 10,
        "content_type": 9,
        "object_id": "3",
        "object_repr": "Large Commercial",
        "action_flag": 2,
        "change_message": "[]"
    }
},
{
    "model": "admin.logentry",
    "pk": 26,
    "fields": {
        "action_time": "2017-03-30T15:48:58.031Z",
        "user": 10,
        "content_type": 9,
        "object_id": "1",
        "object_repr": "Tallaght Factory",
        "action_flag": 3,
        "change_message": ""
    }
},
{
    "model": "admin.logentry",
    "pk": 27,
    "fields": {
        "action_time": "2017-03-30T16:18:39.010Z",
        "user": 10,
        "content_type": 8,
        "object_id": "5",
        "object_repr": "2 Bedroom Estate House",
        "action_flag": 1,
        "change_message": "[{\"added\": {}}]"
    }
},
{
    "model": "admin.logentry",
    "pk": 28,
    "fields": {
        "action_time": "2017-04-04T09:19:41.882Z",
        "user": 10,
        "content_type": 8,
        "object_id": "5",
        "object_repr": "2 Bedroom Estate House",
        "action_flag": 3,
        "change_message": ""
    }
},
{
    "model": "admin.logentry",
    "pk": 29,
    "fields": {
        "action_time": "2017-04-04T09:22:53.458Z",
        "user": 10,
        "content_type": 8,
        "object_id": "6",
        "object_repr": "Lego Set",
        "action_flag": 1,
        "change_message": "[{\"added\": {}}]"
    }
},
{
    "model": "admin.logentry",
    "pk": 30,
    "fields": {
        "action_time": "2017-04-04T10:27:22.338Z",
        "user": 10,
        "content_type": 8,
        "object_id": "7",
        "object_repr": "3D House Jigsaw Puzzle",
        "action_flag": 1,
        "change_message": "[{\"added\": {}}]"
    }
},
{
    "model": "admin.logentry",
    "pk": 31,
    "fields": {
        "action_time": "2017-04-04T10:30:21.231Z",
        "user": 10,
        "content_type": 9,
        "object_id": "4",
        "object_repr": "Small Commercial",
        "action_flag": 1,
        "change_message": "[{\"added\": {}}]"
    }
},
{
    "model": "admin.logentry",
    "pk": 32,
    "fields": {
        "action_time": "2017-04-04T10:35:01.593Z",
        "user": 10,
        "content_type": 9,
        "object_id": "5",
        "object_repr": "Large Residential",
        "action_flag": 1,
        "change_message": "[{\"added\": {}}]"
    }
}
]
